Date,Open,High,Low,Close,Adj Close,Volume
2008-09-30,37.72,39.3,37.6,38.91,34.39508,195436700.0
2008-10-01,38.84,38.97,38.03,38.5,34.03265,174033300.0
2008-10-02,38.25,38.25,36.64,36.75,32.48571,192124000.0
2008-10-03,37.26,38.18,36.1,36.18,31.98185,272116100.0
2008-10-06,35.26,35.53,32.91,34.86,30.81503,394046600.0
2008-10-07,35.14,35.2,32.27,32.65,28.86146,329365700.0
2008-10-08,31.95,34.12,31.84,32.39,28.63163,452066500.0
2008-10-09,33.15,33.68,30.97,31.52,27.86258,352433900.0
2008-10-10,30.52,32.48,29.38,31.32,27.68579,472339100.0
2008-10-13,32.86,35.25,32.4,35.13,31.05368,276998700.0
2008-10-14,36.15,36.15,33.19,33.61,29.71007,341595900.0
2008-10-15,33.23,33.35,30.54,30.6,27.04933,312088500.0
2008-10-16,30.81,32.27,29.25,32.26,28.51671,494783500.0
2008-10-17,31.67,33.65,31.41,32.3,28.55208,326571300.0
2008-10-20,32.76,33.26,31.7,33.2,29.34764,232783400.0
2008-10-21,32.66,33.26,31.48,31.48,27.82722,239932400.0
2008-10-22,31.37,31.6,29.71,30.61,27.05817,289993600.0
2008-10-23,30.49,31.09,28.9,30.49,26.9521,377966900.0
2008-10-24,28.23,30.25,28.09,29.51,26.08581,322129500.0
2008-10-27,29.17,30.2,28.66,28.69,25.36096,239302300.0
2008-10-28,29.68,31.88,28.85,31.86,28.16313,327239500.0
2008-10-29,31.91,33.08,31.25,31.78,28.09241,341316000.0
2008-10-30,32.67,33.06,31.98,32.84,29.02942,255292100.0
2008-10-31,32.37,33.43,32.09,32.89,29.07361,224261000.0
2008-11-03,32.81,33.29,32.51,32.82,29.011740000000003,128455500.0
2008-11-04,33.46,34.01,32.98,33.75,29.83382000000001,182487600.0
2008-11-05,33.53,33.6,31.92,31.99,28.27805,183893900.0
2008-11-06,31.49,31.87,30.4,30.56,27.01397,220677200.0
2008-11-07,30.92,31.48,30.59,31.19,27.57088,176946200.0
2008-11-10,31.97,31.97,30.4,30.77,27.19961,142584500.0
2008-11-11,30.48,30.76,29.72,30.1,26.60735,162869800.0
2008-11-12,29.65,29.8,28.65,28.71,25.37863,184946400.0
2008-11-13,28.61,30.53,27.28,30.46,26.92558,317943900.0
2008-11-14,29.78,30.42,28.87,28.98,25.61731,259407000.0
2008-11-17,28.49,29.23,28.26,28.37,25.07808,202835200.0
2008-11-18,28.56,28.75,27.39,28.34,25.05157,252661800.0
2008-11-19,28.4,28.78,26.79,26.86,23.74331,244180600.0
2008-11-20,26.53,27.45,25.47,25.56,22.59415,342472400.0
2008-11-21,26.01,26.68,25.05,26.67,23.57535,282746800.0
2008-11-24,27.22,28.64,26.98,28.3,25.0162,225058200.0
2008-11-25,28.61,28.64,27.52,28.17,24.90129,202968700.0
2008-11-26,27.88,29.36,27.81,29.35,25.94437000000001,164912000.0
2008-11-28,29.02,29.19,28.83,29.12,25.74107,41238200.0
2008-12-01,28.5,28.51,26.89,26.93,23.80518,149161500.0
2008-12-02,27.3,27.89,26.84,27.83,24.60075,181743000.0
2008-12-03,27.13,28.71,27.07,28.62,25.29908,230944900.0
2008-12-04,28.17,28.78,27.32,27.81,24.58307000000001,188868700.0
2008-12-05,27.5,29.07,26.95,28.94,25.58195,212283700.0
2008-12-08,29.59,30.46,29.44,30.08,26.58967,185782500.0
2008-12-09,29.68,30.83,29.57,30.01,26.527790000000003,178148300.0
2008-12-10,30.1,30.46,29.62,29.91,26.439390000000003,162335100.0
2008-12-11,29.81,30.27,28.94,29.09,25.71454,167161400.0
2008-12-12,28.69,29.86,28.47,29.68,26.23608,158600100.0
2008-12-15,29.73,29.76,28.74,29.16,25.77642,107887000.0
2008-12-16,29.42,30.66,29.1,30.56,27.01397,169300100.0
2008-12-17,30.25,30.6,29.82,30.19,26.68691,159813500.0
2008-12-18,30.19,30.4,29.36,29.66,26.2184,142656400.0
2008-12-19,29.93,30.37,29.66,29.86,26.43351,118308900.0
2008-12-22,29.86,29.92,28.74,29.21,25.8581,95379600.0
2008-12-23,29.33,29.62,28.89,29.06,25.72532,68764800.0
2008-12-24,29.2,29.21,28.98,29.14,25.79613,27194700.0
2008-12-26,29.2,29.23,28.97,29.13,25.78729,20937000.0
2008-12-29,29.21,29.24,28.46,28.89,25.57482000000001,52688300.0
2008-12-30,28.97,29.59,28.94,29.49,26.10598,77089500.0
2008-12-31,29.46,30.08,29.45,29.74,26.32729,89189700.0
2009-01-02,29.75,31.13,29.69,31.03,27.46926,107891500.0
2009-01-05,30.83,31.33,30.59,31.02,27.46041,91751900.0
2009-01-06,31.25,31.63,31.11,31.33,27.73484,136791700.0
2009-01-07,30.73,30.9,30.19,30.44,26.94696,133879800.0
2009-01-08,30.38,30.8,30.08,30.76,27.23025,131926600.0
2009-01-09,30.77,30.79,29.92,30.07,26.61941,117137900.0
2009-01-12,30.11,30.15,29.2,29.52,26.13254,102726200.0
2009-01-13,29.51,29.98,29.18,29.53,26.14138,186266700.0
2009-01-14,29.19,29.28,28.47,28.63,25.34466,136294000.0
2009-01-15,28.57,29.34,28.07,29.1,25.76073,192567200.0
2009-01-16,29.5,29.6,28.7,29.42,26.04401,175478100.0
2009-01-20,29.3,29.43,27.96,27.96,24.75155,135105800.0
2009-01-21,28.43,29.19,28.1,29.15,25.80499,149179600.0
2009-01-22,28.52,29.23,28.26,28.76,25.45975,200602700.0
2009-01-23,28.29,29.35,28.14,28.9,25.58368,170164100.0
2009-01-26,28.94,29.59,28.75,29.11,25.76958,140398700.0
2009-01-27,29.12,29.57,29.12,29.32,25.95549,110591300.0
2009-01-28,29.81,30.65,29.81,30.35,26.86729,139722800.0
2009-01-29,29.98,30.4,29.48,29.58,26.18565,130731800.0
2009-01-30,29.8,29.93,28.94,29.06,25.72532,140334200.0
2009-02-02,28.78,29.61,28.74,29.41,26.03515,126796100.0
2009-02-03,29.47,30.43,29.03,29.87,26.44237,120541100.0
2009-02-04,29.94,30.87,29.79,29.91,26.47778,175780900.0
2009-02-05,29.48,30.77,29.46,30.57,27.06205,217578900.0
2009-02-06,30.68,31.51,30.58,31.37,27.77024,164513200.0
2009-02-09,31.39,31.67,31.19,31.5,27.88533,98856900.0
2009-02-10,31.3,31.68,30.1,30.34,26.85844,232795200.0
2009-02-11,30.38,30.53,29.73,30.2,26.7345,169117200.0
2009-02-12,29.85,30.61,29.64,30.57,27.06205,201151400.0
2009-02-13,30.48,30.78,30.29,30.43,26.93811,145066700.0
2009-02-17,29.49,29.67,29.06,29.22,25.86696,157783300.0
2009-02-18,29.41,29.67,28.87,29.24,25.88467,161271900.0
2009-02-19,29.42,29.61,28.72,28.79,25.48631,155322400.0
2009-02-20,28.47,29.15,28.39,28.87,25.55712,210752400.0
2009-02-23,29.03,29.05,27.73,27.86,24.66302,169473500.0
2009-02-24,28.01,28.98,27.96,28.78,25.47746,181337300.0
2009-02-25,28.61,29.17,28.14,28.59,25.30926,220224700.0
2009-02-26,28.78,28.95,27.7,27.79,24.60105,211218500.0
2009-02-27,27.5,27.98,27.39,27.53,24.37089,204492600.0
2009-03-02,27.12,27.51,26.47,26.64,23.58302,188180400.0
2009-03-03,26.86,27.16,26.42,26.62,23.56532,158758800.0
2009-03-04,27.01,27.71,26.92,27.33,24.19384,164911000.0
2009-03-05,27.03,27.24,26.42,26.51,23.46794,199626900.0
2009-03-06,26.65,26.81,25.71,26.3,23.28204,218421600.0
2009-03-09,26.09,26.81,25.63,25.74,22.7863,181098800.0
2009-03-10,26.25,27.39,26.16,27.33,24.19384,175068200.0
2009-03-11,27.61,27.99,27.26,27.75,24.56565,173094900.0
2009-03-12,27.73,28.76,27.44,28.67,25.38007,184395100.0
2009-03-13,28.66,28.84,28.32,28.74,25.44204,156783500.0
2009-03-16,28.93,28.98,28.19,28.26,25.01712,190269800.0
2009-03-17,28.4,29.33,28.3,29.33,25.96434,169773800.0
2009-03-18,29.21,30.2,29.08,29.7,26.29187,208033900.0
2009-03-19,30.11,30.13,29.46,29.68,26.27417,146753400.0
2009-03-20,29.69,30.03,28.98,29.18,25.87426,149410800.0
2009-03-23,29.9,30.94,29.2,30.9,27.39941,179499000.0
2009-03-24,30.64,30.88,30.31,30.33,26.89398,118757600.0
2009-03-25,30.59,31.05,29.66,30.47,27.01812,190555200.0
2009-03-26,30.8,31.46,30.42,31.41,27.851640000000003,182459500.0
2009-03-27,31.0,31.18,30.71,30.82,27.32848,156108100.0
2009-03-30,30.3,30.32,29.62,30.06,26.65457,162919700.0
2009-03-31,30.29,30.95,30.27,30.32,26.88512,150243800.0
2009-04-01,29.94,30.88,29.79,30.77,27.28414,137950000.0
2009-04-02,31.32,32.27,31.23,31.76,28.16198,212272400.0
2009-04-03,32.09,32.4,31.83,32.35,28.685140000000004,134577300.0
2009-04-06,31.99,32.33,31.65,32.27,28.61421,160413700.0
2009-04-07,31.92,31.92,31.21,31.42,27.8605,147531200.0
2009-04-08,31.73,32.15,31.49,31.95,28.33047,126126000.0
2009-04-09,32.55,33.01,32.43,32.94,29.20831,131871500.0
2009-04-13,32.84,33.07,32.53,32.89,29.16397000000001,119310500.0
2009-04-14,32.69,32.88,32.27,32.49,28.8093,124069000.0
2009-04-15,32.26,32.43,31.85,32.4,28.72948,124808200.0
2009-04-16,32.85,33.43,32.51,33.24,29.47433,171168000.0
2009-04-17,33.17,33.5,32.93,33.31,29.53639,129835400.0
2009-04-20,32.71,32.82,32.06,32.24,28.58761,123080500.0
2009-04-21,32.12,32.74,32.08,32.69,28.98663,145490200.0
2009-04-22,32.5,33.53,32.39,32.79,29.0753,165040500.0
2009-04-23,33.0,33.14,32.49,33.11,29.35905,181666600.0
2009-04-24,33.34,33.93,33.07,33.69,29.87334,141170000.0
2009-04-27,33.42,34.06,33.35,33.73,29.9088,120749100.0
2009-04-28,33.52,33.91,33.36,33.48,29.68714000000001,108968000.0
2009-04-29,33.75,34.4,33.7,33.94,30.09501,141413600.0
2009-04-30,34.39,34.9,34.04,34.28,30.3965,144120400.0
2009-05-01,34.27,34.54,34.01,34.37,30.4763,100112000.0
2009-05-04,34.68,35.09,34.52,35.05,31.07926,119317400.0
2009-05-05,34.99,35.06,34.63,35.02,31.05267000000001,113569500.0
2009-05-06,35.29,35.34,34.46,35.03,31.06152,178840500.0
2009-05-07,35.27,35.27,33.88,34.21,30.33443,216484700.0
2009-05-08,34.47,34.74,33.88,34.23,30.35217,183507300.0
2009-05-11,33.79,34.72,33.68,34.35,30.45857,142775900.0
2009-05-12,34.42,34.48,33.52,33.93,30.08616,147842200.0
2009-05-13,33.63,33.65,32.96,33.02,29.27924,175548300.0
2009-05-14,33.1,33.7,33.08,33.39,29.60732,140021700.0
2009-05-15,33.34,33.82,33.23,33.37,29.58959,121326400.0
2009-05-18,33.6,34.28,33.39,34.24,30.36103,114333400.0
2009-05-19,34.16,34.74,33.95,34.4,30.5029,129086400.0
2009-05-20,34.53,35.04,34.18,34.28,30.3965,131873700.0
2009-05-21,34.02,34.26,33.31,33.65,29.83787,139253200.0
2009-05-22,33.78,33.97,33.32,33.54,29.740340000000003,83510600.0
2009-05-26,33.25,34.83,33.18,34.79,30.84872,144857200.0
2009-05-27,34.69,35.19,34.43,34.55,30.63591,121348800.0
2009-05-28,34.76,35.07,34.21,34.95,30.9906,118931300.0
2009-05-29,34.97,35.5,34.76,35.38,31.37188,111535700.0
2009-06-01,35.76,36.5,35.61,36.39,32.26747,119126200.0
2009-06-02,36.19,36.79,36.11,36.44,32.3118,126858600.0
2009-06-03,36.33,36.37,35.93,36.33,32.21426,93329800.0
2009-06-04,36.41,36.79,36.34,36.74,32.57782,89280600.0
2009-06-05,36.96,37.08,36.42,36.78,32.61329,121958800.0
2009-06-08,36.55,36.95,36.12,36.67,32.51574,89194100.0
2009-06-09,36.84,37.17,36.67,36.95,32.76402,109187800.0
2009-06-10,37.16,37.17,36.29,36.82,32.64875,133404700.0
2009-06-11,36.77,37.23,36.75,36.82,32.64875,147909800.0
2009-06-12,36.67,36.72,36.2,36.65,32.49801,109452500.0
2009-06-15,36.3,36.33,35.58,35.9,31.83298,112152900.0
2009-06-16,36.04,36.19,35.52,35.55,31.52262,110550300.0
2009-06-17,35.7,36.21,35.45,35.89,31.82411,153421800.0
2009-06-18,35.83,36.06,35.57,35.82,31.76204,126266700.0
2009-06-19,36.05,36.36,35.91,36.16,32.10296,122044700.0
2009-06-22,35.83,35.89,35.02,35.08,31.144140000000004,137714900.0
2009-06-23,35.18,35.26,34.77,35.0,31.0731,114903100.0
2009-06-24,35.3,35.87,35.28,35.59,31.5969,103314600.0
2009-06-25,35.36,36.36,35.28,36.29,32.21838,112538200.0
2009-06-26,36.12,36.5,36.05,36.37,32.28941,87677300.0
2009-06-29,36.47,36.75,36.12,36.45,32.36042,93817600.0
2009-06-30,36.55,36.73,36.11,36.38,32.29827,97843000.0
2009-07-01,36.56,36.84,36.39,36.4,32.31603,85976000.0
2009-07-02,36.09,36.1,35.5,35.6,31.60579,113309800.0
2009-07-06,35.38,35.54,35.04,35.41,31.43711,107632500.0
2009-07-07,35.42,35.49,34.51,34.53,30.65584,149773000.0
2009-07-08,34.74,34.87,34.3,34.71,30.81564,152776400.0
2009-07-09,34.84,35.01,34.65,34.77,30.86891,97851500.0
2009-07-10,34.67,35.14,34.56,34.92,31.00207,108482000.0
2009-07-13,34.95,35.6,34.48,35.59,31.5969,127140300.0
2009-07-14,35.55,35.79,35.4,35.72,31.71233,115631700.0
2009-07-15,36.32,36.93,36.14,36.92,32.77769,160869700.0
2009-07-16,36.75,37.44,36.72,37.36,33.16833,120142500.0
2009-07-17,37.35,37.57,37.17,37.56,33.34587,104906500.0
2009-07-20,37.76,38.0,37.61,37.92,33.665490000000005,97168800.0
2009-07-21,38.07,38.18,37.64,38.18,33.89632,130587600.0
2009-07-22,38.21,38.69,38.13,38.5,34.180409999999995,113808600.0
2009-07-23,38.46,39.49,38.39,39.35,34.93504,160239300.0
2009-07-24,38.93,39.37,38.78,39.05,34.6687,109312300.0
2009-07-27,39.33,39.41,38.87,39.35,34.93504,94718600.0
2009-07-28,39.18,39.59,38.93,39.08,34.69534,111564300.0
2009-07-29,39.32,39.43,39.0,39.34,34.92616,126538200.0
2009-07-30,39.75,40.18,39.51,39.57,35.13037,108969900.0
2009-07-31,39.57,39.85,39.41,39.45,35.02383,78208300.0
2009-08-03,39.87,40.06,39.64,40.04,35.54762,111722800.0
2009-08-04,39.85,40.19,39.77,40.04,35.54762,100690800.0
2009-08-05,40.13,40.14,39.46,39.73,35.27241,118093000.0
2009-08-06,39.82,39.93,39.24,39.38,34.96168,116937500.0
2009-08-07,39.92,40.07,39.59,39.88,35.40557000000001,107442100.0
2009-08-10,39.74,39.85,39.34,39.6,35.157,87163200.0
2009-08-11,39.47,39.5,39.05,39.26,34.85514000000001,91922700.0
2009-08-12,39.23,40.22,39.2,39.87,35.39669,147240000.0
2009-08-13,40.11,40.16,39.64,40.09,35.59202,110107000.0
2009-08-14,39.87,39.96,39.28,39.63,35.18363,124480200.0
2009-08-17,38.96,39.01,38.46,38.48,34.16265,131797200.0
2009-08-18,38.72,39.11,38.61,39.03,34.65094000000001,84496200.0
2009-08-19,38.57,39.4,38.54,39.3,34.89065,88036300.0
2009-08-20,39.28,39.84,39.2,39.76,35.29905,81473500.0
2009-08-21,39.99,40.36,39.74,40.29,35.76959,114660200.0
2009-08-24,40.36,40.57,40.1,40.25,35.73408,109904900.0
2009-08-25,40.34,40.76,40.25,40.37,35.8406,92900400.0
2009-08-26,40.28,40.6,40.08,40.3,35.77845999999999,96407500.0
2009-08-27,40.29,40.47,39.67,40.4,35.86724,121957800.0
2009-08-28,40.9,41.08,40.16,40.44,35.90275,114300900.0
2009-08-31,40.14,40.2,39.79,40.03,35.53875,96415300.0
2009-09-01,39.89,40.59,39.16,39.28,34.8729,162958900.0
2009-09-02,39.07,39.47,39.04,39.25,34.846270000000004,92757200.0
2009-09-03,39.44,39.57,39.02,39.51,35.077090000000005,76783100.0
2009-09-04,39.58,40.38,39.52,40.36,35.83173,74866600.0
2009-09-08,40.68,40.78,40.46,40.74,36.1691,71024400.0
2009-09-09,40.77,41.29,40.59,41.09,36.47982,99280800.0
2009-09-10,41.11,41.53,41.0,41.48,36.82607,99289100.0
2009-09-11,41.51,41.62,41.22,41.52,36.86157,93868400.0
2009-09-14,41.25,41.71,41.21,41.68,37.00363,90435600.0
2009-09-15,41.65,41.95,41.57,41.81,37.11903,91594600.0
2009-09-16,42.0,42.48,41.84,42.42,37.6606,96888500.0
2009-09-17,42.31,42.66,42.21,42.41,37.65172000000001,102169600.0
2009-09-18,42.54,42.62,42.21,42.44,37.71482,87444200.0
2009-09-21,42.2,42.7,42.16,42.57,37.83036,71351400.0
2009-09-22,42.81,42.83,42.44,42.65,37.90145,75638400.0
2009-09-23,42.83,43.17,42.38,42.45,37.7237,143924100.0
2009-09-24,42.62,42.69,41.77,42.07,37.38603,111016400.0
2009-09-25,41.76,42.09,41.58,41.7,37.05722,109216000.0
2009-09-28,41.93,42.66,41.89,42.41,37.68816,84478500.0
2009-09-29,42.41,42.62,42.03,42.22,37.51931,106686400.0
2009-09-30,42.39,42.6,41.6,42.25,37.54597,173102700.0
2009-10-01,42.1,42.13,41.0,41.0,36.43515,140119100.0
2009-10-02,40.72,41.25,40.72,40.88,36.3285,145286400.0
2009-10-05,41.09,41.4,40.83,41.21,36.62177,97054200.0
2009-10-06,41.44,42.14,41.42,41.94,37.2705,124628000.0
2009-10-07,41.89,42.08,41.77,42.06,37.37712,93787600.0
2009-10-08,42.31,42.62,42.14,42.24,37.53708,107850400.0
2009-10-09,42.15,42.55,42.06,42.48,37.75036,62828000.0
2009-10-12,42.65,42.87,42.28,42.57,37.83036,53221900.0
2009-10-13,42.53,42.75,42.37,42.58,37.83924,70939300.0
2009-10-14,43.11,43.21,42.85,43.16,38.35465,91004900.0
2009-10-15,42.93,43.12,42.87,43.06,38.2658,85772800.0
2009-10-16,42.9,42.99,42.48,42.78,38.01696,111859300.0
2009-10-19,42.81,43.27,42.59,43.21,38.39908,83512000.0
2009-10-20,43.46,43.46,42.94,43.22,38.40799000000001,89847900.0
2009-10-21,43.21,43.82,43.06,43.14,38.33688,110397400.0
2009-10-22,43.06,43.49,42.79,43.31,38.48796,85871800.0
2009-10-23,43.73,43.73,43.02,43.13,38.328,117020400.0
2009-10-26,43.2,43.76,42.79,42.99,38.20359000000001,107068600.0
2009-10-27,42.93,43.11,42.18,42.34,37.62595,121438200.0
2009-10-28,42.19,42.32,41.3,41.39,36.78174,143553600.0
2009-10-29,41.63,42.19,41.54,42.09,37.40379,85207600.0
2009-10-30,42.06,42.15,40.92,40.96,36.39959,162796500.0
2009-11-02,41.0,41.57,40.64,41.13,36.55067,142456600.0
2009-11-03,40.91,41.32,40.84,41.26,36.66621,95107000.0
2009-11-04,41.53,41.87,41.28,41.33,36.72842,107970600.0
2009-11-05,41.81,42.4,41.78,42.35,37.63484,135204800.0
2009-11-06,42.12,42.65,42.08,42.6,37.857,96312300.0
2009-11-09,42.93,43.52,42.88,43.51,38.6657,101620800.0
2009-11-10,43.46,43.77,43.4,43.62,38.76345,72846500.0
2009-11-11,43.95,44.14,43.61,43.9,39.01225,84676200.0
2009-11-12,43.93,44.16,43.55,43.65,38.7901,92426100.0
2009-11-13,43.78,44.14,43.63,44.01,39.10999,87959500.0
2009-11-16,44.2,44.65,44.12,44.46,39.50991,87776100.0
2009-11-17,44.34,44.6,44.25,44.6,39.63432,81884000.0
2009-11-18,44.46,44.49,44.05,44.35,39.41216,100240800.0
2009-11-19,44.05,44.08,43.35,43.66,38.79898,114558000.0
2009-11-20,43.43,43.55,43.28,43.44,38.60349,70912100.0
2009-11-23,43.89,44.4,43.86,44.14,39.22554,91621500.0
2009-11-24,44.12,44.15,43.73,43.99,39.09224,60670000.0
2009-11-25,44.14,44.22,44.01,44.18,39.26109,37630100.0
2009-11-27,42.97,43.83,42.9,43.51,38.6657,61230000.0
2009-11-30,43.41,43.62,43.11,43.56,38.71013,84819400.0
2009-12-01,43.89,44.3,43.88,44.01,39.10999,81817800.0
2009-12-02,44.16,44.49,43.98,44.07,39.16335,81653600.0
2009-12-03,44.23,44.5,43.88,43.89,39.00337,72460400.0
2009-12-04,44.45,44.73,43.66,44.12,39.20777,125062600.0
2009-12-07,44.09,44.29,43.82,43.91,39.02116,67471900.0
2009-12-08,43.66,44.0,43.36,43.64,38.78123,86621400.0
2009-12-09,43.6,44.12,43.32,44.08,39.17221,78820500.0
2009-12-10,44.27,44.54,44.24,44.3,39.36773,76722400.0
2009-12-11,44.54,44.59,43.95,44.13,39.21666,66643700.0
2009-12-14,44.43,44.6,44.19,44.55,39.5899,47965500.0
2009-12-15,44.41,44.67,44.17,44.3,39.36773,61171100.0
2009-12-16,44.47,44.7,44.29,44.36,39.42104000000001,61629700.0
2009-12-17,44.16,44.21,43.76,43.82,38.94117,90440900.0
2009-12-18,44.16,44.48,44.0,44.46,39.57584,96442600.0
2009-12-21,44.69,45.13,44.67,44.96,40.02091,82357400.0
2009-12-22,45.11,45.29,45.03,45.23,40.26125,51569100.0
2009-12-23,45.32,45.57,45.21,45.56,40.555,73932200.0
2009-12-24,45.61,45.98,45.6,45.98,40.92885,31770400.0
2009-12-28,46.09,46.3,45.94,46.22,41.14248,49381400.0
2009-12-29,46.23,46.25,45.99,46.03,40.97337,32410200.0
2009-12-30,45.98,46.26,45.96,46.17,41.09798,57612700.0
2009-12-31,46.26,46.28,45.75,45.75,40.72413,50079200.0
2010-01-04,46.33,46.49,46.27,46.42,41.32052,62822800.0
2010-01-05,46.39,46.5,46.16,46.42,41.32052,62935600.0
2010-01-06,46.4,46.55,46.07,46.14,41.0713,96033000.0
2010-01-07,46.21,46.27,45.92,46.17,41.09798,77094100.0
