signal_date,from,to,reason,execution_date,from_asset,to_asset
2010-04-22,NORMAL,BOOST,정배열 + RET63 ≥ 10% + RET126 ≥ 0,2010-04-23,QLD,TQQQ
2010-05-06,BOOST,NORMAL,QQQ < SMA50,2010-05-07,TQQQ,QLD
2010-05-20,NORMAL,BEAR,QQQ < SMA200,2010-05-21,QLD,QQQ
2010-09-28,BEAR,BOOST,SMA200 위 5거래일 + 정배열 + BOOST 조건,2010-09-29,QQQ,TQQQ
2010-12-28,BOOST,NORMAL,BOOST 63거래일,2010-12-29,TQQQ,QLD
2011-02-14,NORMAL,BOOST,정배열 + RET63 ≥ 10% + RET126 ≥ 0,2011-02-15,QLD,TQQQ
2011-03-10,BOOST,NORMAL,QQQ < SMA50,2011-03-11,TQQQ,QLD
2011-06-15,NORMAL,BEAR,QQQ < SMA200,2011-06-16,QLD,QQQ
2011-07-01,BEAR,NORMAL,SMA200 위 5거래일 + 정배열,2011-07-05,QQQ,QLD
2011-08-04,NORMAL,BEAR,QQQ < SMA200,2011-08-05,QLD,QQQ
2012-01-09,BEAR,NORMAL,SMA200 위 5거래일 + 정배열,2012-01-10,QQQ,QLD
2012-02-13,NORMAL,BOOST,정배열 + RET63 ≥ 10% + RET126 ≥ 0,2012-02-14,QLD,TQQQ
2012-04-23,BOOST,NORMAL,QQQ < SMA50,2012-04-24,TQQQ,QLD
2012-08-16,NORMAL,BOOST,정배열 + RET63 ≥ 10% + RET126 ≥ 0,2012-08-17,QLD,TQQQ
2012-10-09,BOOST,NORMAL,QQQ < SMA50,2012-10-10,TQQQ,QLD
2012-10-31,NORMAL,BEAR,QQQ < SMA200,2012-11-01,QLD,QQQ
2013-01-28,BEAR,NORMAL,SMA200 위 5거래일 + 정배열,2013-01-29,QQQ,QLD
2013-02-19,NORMAL,BOOST,정배열 + RET63 ≥ 10% + RET126 ≥ 0,2013-02-20,QLD,TQQQ
2013-02-21,BOOST,NORMAL,QQQ < SMA50,2013-02-22,TQQQ,QLD
2013-05-21,NORMAL,BOOST,정배열 + RET63 ≥ 10% + RET126 ≥ 0,2013-05-22,QLD,TQQQ
2013-06-20,BOOST,NORMAL,QQQ < SMA50,2013-06-21,TQQQ,QLD
2013-09-19,NORMAL,BOOST,정배열 + RET63 ≥ 10% + RET126 ≥ 0,2013-09-20,QLD,TQQQ
2013-10-08,BOOST,NORMAL,QQQ < SMA50,2013-10-09,TQQQ,QLD
2013-11-13,NORMAL,BOOST,정배열 + RET63 ≥ 10% + RET126 ≥ 0,2013-11-14,QLD,TQQQ
2014-01-27,BOOST,NORMAL,QQQ < SMA50,2014-01-28,TQQQ,QLD
2014-07-07,NORMAL,BOOST,정배열 + RET63 ≥ 10% + RET126 ≥ 0,2014-07-08,QLD,TQQQ
2014-09-25,BOOST,NORMAL,QQQ < SMA50,2014-09-26,TQQQ,QLD
2014-10-16,NORMAL,BEAR,QQQ < SMA200,2014-10-17,QLD,QQQ
2014-10-24,BEAR,NORMAL,SMA200 위 5거래일 + 정배열,2014-10-27,QQQ,QLD
2015-08-21,NORMAL,BEAR,QQQ < SMA200,2015-08-24,QLD,QQQ
2015-11-17,BEAR,NORMAL,SMA200 위 5거래일 + 정배열,2015-11-18,QQQ,QLD
2015-11-19,NORMAL,BOOST,정배열 + RET63 ≥ 10% + RET126 ≥ 0,2015-11-20,QLD,TQQQ
2015-12-11,BOOST,NORMAL,QQQ < SMA50,2015-12-14,TQQQ,QLD
2016-01-06,NORMAL,BEAR,QQQ < SMA200,2016-01-07,QLD,QQQ
2016-05-31,BEAR,NORMAL,SMA200 위 5거래일 + 정배열,2016-06-01,QQQ,QLD
2016-06-17,NORMAL,BEAR,QQQ < SMA200,2016-06-20,QLD,QQQ
2016-07-15,BEAR,NORMAL,SMA200 위 5거래일 + 정배열,2016-07-18,QQQ,QLD
2016-08-04,NORMAL,BOOST,정배열 + RET63 ≥ 10% + RET126 ≥ 0,2016-08-05,QLD,TQQQ
2016-09-09,BOOST,NORMAL,QQQ < SMA50,2016-09-12,TQQQ,QLD
2017-02-06,NORMAL,BOOST,정배열 + RET63 ≥ 10% + RET126 ≥ 0,2017-02-07,QLD,TQQQ
2017-05-08,BOOST,NORMAL,BOOST 63거래일,2017-05-09,TQQQ,QLD
2017-11-24,NORMAL,BOOST,정배열 + RET63 ≥ 10% + RET126 ≥ 0,2017-11-27,QLD,TQQQ
2018-02-05,BOOST,NORMAL,QQQ < SMA50,2018-02-06,TQQQ,QLD
2018-03-08,NORMAL,BOOST,정배열 + RET63 ≥ 10% + RET126 ≥ 0,2018-03-09,QLD,TQQQ
2018-03-22,BOOST,NORMAL,QQQ < SMA50,2018-03-23,TQQQ,QLD
2018-05-10,NORMAL,BOOST,정배열 + RET63 ≥ 10% + RET126 ≥ 0,2018-05-11,QLD,TQQQ
2018-08-09,BOOST,NORMAL,BOOST 63거래일,2018-08-10,TQQQ,QLD
2018-10-11,NORMAL,BEAR,QQQ < SMA200,2018-10-12,QLD,QQQ
2019-04-02,BEAR,NORMAL,SMA200 위 5거래일 + 정배열,2019-04-03,QQQ,QLD
2019-04-08,NORMAL,BOOST,정배열 + RET63 ≥ 10% + RET126 ≥ 0,2019-04-09,QLD,TQQQ
2019-05-13,BOOST,NORMAL,QQQ < SMA50,2019-05-14,TQQQ,QLD
2019-05-31,NORMAL,BEAR,QQQ < SMA200,2019-06-03,QLD,QQQ
2019-06-17,BEAR,NORMAL,SMA200 위 5거래일 + 정배열,2019-06-18,QQQ,QLD
2019-11-01,NORMAL,BOOST,정배열 + RET63 ≥ 10% + RET126 ≥ 0,2019-11-04,QLD,TQQQ
2020-02-04,BOOST,NORMAL,BOOST 63거래일,2020-02-05,TQQQ,QLD
2020-03-09,NORMAL,BEAR,QQQ < SMA200,2020-03-10,QLD,QQQ
2020-04-15,BEAR,NORMAL,SMA200 위 5거래일 + 정배열,2020-04-16,QQQ,QLD
2020-05-28,NORMAL,BOOST,정배열 + RET63 ≥ 10% + RET126 ≥ 0,2020-05-29,QLD,TQQQ
2020-08-26,BOOST,NORMAL,BOOST 63거래일,2020-08-27,TQQQ,QLD
2020-09-28,NORMAL,BOOST,정배열 + RET63 ≥ 10% + RET126 ≥ 0,2020-09-29,QLD,TQQQ
2020-10-02,BOOST,NORMAL,QQQ < SMA50,2020-10-05,TQQQ,QLD
2020-12-07,NORMAL,BOOST,정배열 + RET63 ≥ 10% + RET126 ≥ 0,2020-12-08,QLD,TQQQ
2021-02-25,BOOST,NORMAL,QQQ < SMA50,2021-02-26,TQQQ,QLD
2021-06-07,NORMAL,BOOST,정배열 + RET63 ≥ 10% + RET126 ≥ 0,2021-06-08,QLD,TQQQ
2021-09-03,BOOST,NORMAL,BOOST 63거래일,2021-09-07,TQQQ,QLD
2021-12-28,NORMAL,BOOST,정배열 + RET63 ≥ 10% + RET126 ≥ 0,2021-12-29,QLD,TQQQ
2022-01-05,BOOST,NORMAL,QQQ < SMA50,2022-01-06,TQQQ,QLD
2022-01-20,NORMAL,BEAR,QQQ < SMA200,2022-01-21,QLD,QQQ
2023-03-17,BEAR,NORMAL,SMA200 위 5거래일 + 정배열,2023-03-20,QQQ,QLD
2023-03-20,NORMAL,BOOST,정배열 + RET63 ≥ 10% + RET126 ≥ 0,2023-03-21,QLD,TQQQ
2023-06-20,BOOST,NORMAL,BOOST 63거래일,2023-06-21,TQQQ,QLD
2023-07-21,NORMAL,BOOST,정배열 + RET63 ≥ 10% + RET126 ≥ 0,2023-07-24,QLD,TQQQ
2023-08-09,BOOST,NORMAL,QQQ < SMA50,2023-08-10,TQQQ,QLD
2023-12-18,NORMAL,BOOST,정배열 + RET63 ≥ 10% + RET126 ≥ 0,2023-12-19,QLD,TQQQ
2024-03-20,BOOST,NORMAL,BOOST 63거래일,2024-03-21,TQQQ,QLD
2024-06-14,NORMAL,BOOST,정배열 + RET63 ≥ 10% + RET126 ≥ 0,2024-06-17,QLD,TQQQ
2024-07-24,BOOST,NORMAL,QQQ < SMA50,2024-07-25,TQQQ,QLD
2024-11-01,NORMAL,BOOST,정배열 + RET63 ≥ 10% + RET126 ≥ 0,2024-11-04,QLD,TQQQ
2025-01-02,BOOST,NORMAL,QQQ < SMA50,2025-01-03,TQQQ,QLD
2025-03-06,NORMAL,BEAR,QQQ < SMA200,2025-03-07,QLD,QQQ
2025-06-24,BEAR,BOOST,SMA200 위 5거래일 + 정배열 + BOOST 조건,2025-06-25,QQQ,TQQQ
2025-09-23,BOOST,NORMAL,BOOST 63거래일,2025-09-24,TQQQ,QLD
2025-10-27,NORMAL,BOOST,정배열 + RET63 ≥ 10% + RET126 ≥ 0,2025-10-28,QLD,TQQQ
2025-11-17,BOOST,NORMAL,QQQ < SMA50,2025-11-18,TQQQ,QLD
2026-03-20,NORMAL,BEAR,QQQ < SMA200,2026-03-23,QLD,QQQ
2026-04-14,BEAR,NORMAL,SMA200 위 5거래일 + 정배열,2026-04-15,QQQ,QLD
2026-05-05,NORMAL,BOOST,정배열 + RET63 ≥ 10% + RET126 ≥ 0,2026-05-06,QLD,TQQQ
2026-07-07,BOOST,NORMAL,QQQ < SMA50,2026-07-08,TQQQ,QLD
